,Created At,User,Tweet,Location,Tickers,Created_Date
0,2022-06-30 23:59:59,EngieFord,"RT @IncomeSharks: From July 1st to November 1st I'll be buying $1,000 worth of #Bitcoin everyday and tracking the results. Pretty confidentâ€¦",,#Altcoin,2022-06-30
1,2022-06-30 23:59:59,DeepStar22,"RT @OfficialTravlad: What tf is this #Bitcoin candle, looks so manipulatedâ€¦","New Delhi, India",#Altcoin,2022-06-30
2,2022-06-30 23:59:57,nerivansouza01,RT @milkshake_io: MicroStrategy chief executive Michael Saylor announced an additional purchase of 480 #bitcoins  (#BTC) for roughly US$10â€¦,,#Altcoin,2022-06-30
3,2022-06-30 23:59:56,EngieFord,"RT @CedYoungelman: Your home is not worth more. 

Your money is just worth less. 

#Bitcoin fixes this.",,#Altcoin,2022-06-30
4,2022-06-30 23:59:56,AndersTintin,"RT @OfficialTravlad: What tf is this #Bitcoin candle, looks so manipulatedâ€¦","New Norway, Alberta",#Altcoin,2022-06-30
5,2022-06-30 23:59:56,Neverbigwin00,"RT @OfficialTravlad: What tf is this #Bitcoin candle, looks so manipulatedâ€¦","Baso, Indonesia",#Altcoin,2022-06-30
6,2022-06-30 23:59:55,_brett_grant_,RT @bitcoinlfgo: Just in : El Salvador to build $200 million solar-powered #Bitcoin mining facility. ğŸ™Œ,"Staten Island, NY",#Altcoin,2022-06-30
7,2022-06-30 23:59:55,ThemainSergio,"What is this sudden spike in #bitcoin and some #altcoins ?
Asian and Australian markets in positive mood?
#cryptocurrency",Planet crypto,#Altcoin,2022-06-30
8,2022-06-30 23:59:54,tuamen,"RT @parkeralewis: Get your #bitcoin off exchanges (Coinbase/Gemini) and platforms that promised you ""yield"" (Blockfi/Nexo). If you need helâ€¦",,#Altcoin,2022-06-30
9,2022-06-30 23:59:54,CryptoWatchBot,"#Investing 64.0% in this optimal #crypto portfolio and 36.0% #cash in the past 24 hours would have given you a 3.1% return rather than #Bitcoin's -1.8%, for the same level of #risk https://t.co/MCICVtlG7u","New York, NY",#Altcoin,2022-06-30
10,2022-07-01 23:59:58,TheEnder0317,RT @BTCGandalf: Plebs when they look at the #Bitcoin price during a bear market. https://t.co/j6zFf3MzTh,,#Altcoin,2022-07-01
11,2022-07-01 23:59:58,LivePriceCrypto,"#Bitcoin Last Price $19257 #BTC ğŸš€
Daily Indicators:
â€¢Variation since 00h00(UTC): -3.41%
â€¢MACD:
 -MACD Line: -2072
 -Signal Line: -2266

#Ethereum Last Price $1058 #ETH
â€¢Variation: -1.27%
â€¢MACD:
 -MACD Line: -153
 -Signal Line: -177

#Crypto #Web3
(2/3)
140428",,#Altcoin,2022-07-01
12,2022-07-01 23:59:58,crypto_w1ens,"RT @BTCismydrug: To Celebrate Reaching 1k Followers,
Giving Away 100$#BNB to one Lucky Follower ğŸ”¥ğŸ¤‘

To Participate:

âœ…Follow @BTCismydrugâ€¦",akun wangi ğŸŒ·,#Altcoin,2022-07-01
13,2022-07-01 23:59:56,spikes2021,RT @TheCryptoLark: Many of the world's richest and most famous investors made their fortunes in bear markets! #bitcoin #crypto,,#Altcoin,2022-07-01
14,2022-07-01 23:59:55,Wilfred48783293,"RT @BitcoinMagazine: ""Thank you for selling cheap."" â€“ El Salvador President on 80 #bitcoin purchase ğŸ‡¸ğŸ‡» https://t.co/5jx7bhQ8jK",,#Altcoin,2022-07-01
15,2022-07-01 23:59:54,CryptoBrave2022,"RT @DocumentingBTC: How saving works:

                                  your money
 everything  =        â€”â€”â€”â€”â€”â€” 
      elseâ€¦",Not Financial Advice,#Altcoin,2022-07-01
16,2022-07-01 23:59:53,chrisdcripto,"Mood Tesla, mood #Bitcoin #tesla ğŸ”¥ https://t.co/1wYN2wnk2d","Denver, CO",#Altcoin,2022-07-01
17,2022-07-01 23:59:52,CrytpoCLNT,"RT @saylor: My recent discussion with @MMCrypto on the state of the industry, #Bitcoin growth drivers &amp; models, benefits of proper regulatiâ€¦",United States,#Altcoin,2022-07-01
18,2022-07-01 23:59:50,Angelie094,"RT @SocialGood_Inc: âœ¨Win $100 in $BTCâœ¨
Follow &amp; RT this for a chance to win $100 worth of #Bitcoin ğŸ’°We'll tag the 35th #Giveaway winner onâ€¦","Calabarzon, Republic of the Ph",#Altcoin,2022-07-01
19,2022-07-01 23:59:49,straight2crypto,"RT @LPNational: If you want to #EndTheFed and the inflation crisis as much as us, you don't want to miss this. #Bitcoin https://t.co/2xBA18â€¦",,#Altcoin,2022-07-01
20,2022-07-02 23:59:59,DansGomez8,"RT @GaryMounfield: ğŸ’¥ğŸ’¥ğŸ’¥ #GIVEAWAY #Bitcoin  ğŸ’¥ğŸ’¥ğŸ’¥

Giveaway with Free bitcoin for my #crypto followers â¤.

ğŸGift: 0.01 $BTC for the winnerâ€¦",Web3,#Altcoin,2022-07-02
21,2022-07-02 23:59:53,E_EL_G,"RT @OnChainCollege: The Number of Addresses with a Balance of at Least 1 #Bitcoin just hit an all-time high at 874,668 https://t.co/EWSokE2â€¦",,#Altcoin,2022-07-02
22,2022-07-02 23:59:50,aphigginson353,RT @saylor: Everybody wants to move money at the speed of light. #Bitcoin https://t.co/7wf3hCRMDh,,#Altcoin,2022-07-02
23,2022-07-02 23:59:49,algo_elite,"Check out https://t.co/ao2wn6SYo8 to get
these indicators
#trading #forex #bitcoin #forextrader
#investing #cryptocurrency #money
5
#trader #invest #investment #crypto
#forextrading #btc #entrepreneur
#t jockchain *pusiness * cryptorrading PRICE,3
#binaryoptions #success  #fyp https://t.co/Ndhmyf0sOX",,#Altcoin,2022-07-02
24,2022-07-02 23:59:48,ells_bester,RT @rovercrc: Long term you can't be bearish on #Bitcoin!,"Jakarta Capital Region, Indone",#Altcoin,2022-07-02
25,2022-07-02 23:59:41,PJ_does_CryptO,"RT @profit8lue: Here's what's missing on the charts.ğŸ˜‰
#bitcoin https://t.co/hMaH0Lobkv","California, USA",#Altcoin,2022-07-02
26,2022-07-02 23:59:40,Sitting_On_Sats,"RT @DocumentingBTC: The 2nd largest electric power company in the U.S., Duke Energy, is studying the benefits of #bitcoin mining and how toâ€¦","Salt Lake City, UT",#Altcoin,2022-07-02
27,2022-07-02 23:59:37,JamesKacev,RT @RichardHeartWin: Lol @saylor. Loser. #Bitcoin https://t.co/ixeEXlvf6W,Australia,#Altcoin,2022-07-02
28,2022-07-02 23:59:37,IceMCrypto,"RT @Dennis_Porter_: BREAKING: Duke Energy, the 2nd largest utility in the USA, is studying #Bitcoin mining.","Arizona, USA",#Altcoin,2022-07-02
29,2022-07-02 23:59:37,Junod81170988,RT @AurelienOhayon: #BITCOIN IS READY FOR A MASSIVE BULL RUN. https://t.co/KJ4lscLIOV,,#Altcoin,2022-07-02
30,2022-07-03 23:59:58,ger313,"RT @TheBTCAdventure: #Bitcoin mining will destroy the planet! Or will it? 

An informative and thought provoking talk by @JasonADeane httpsâ€¦","Oregon, USA",#Altcoin,2022-07-03
31,2022-07-03 23:59:56,KhakiTrader,@HodlMagoo @APompliano @PeterSchiff yeah but #bitcoin sweatshop sneakers do,,#Altcoin,2022-07-03
32,2022-07-03 23:59:54,CatchtheWaveCr1,RT @RichardHeartWin: #FraudFi can die. #Celsius #BlockFi #3AC #Voyager #Nexo and all the other trash you guys send your #Bitcoin to....,,#Altcoin,2022-07-03
33,2022-07-03 23:59:54,0xETHwin,RT @gokhshteinmedia: Voyager tweeted out earlier today that their doing everything possible to make sure that their exchange is around forâ€¦,"Martapura, Indonesia",#Altcoin,2022-07-03
34,2022-07-03 23:59:53,c9t_c9t,"RT @BTC_Archive: We just HODL ğŸ˜ 
#Bitcoin  https://t.co/Nmw2h6K3y3",Australia,#Altcoin,2022-07-03
35,2022-07-03 23:59:52,LivePriceCrypto,"#Bitcoin Last Price $19318 #BTC ğŸš€
Daily Indicators:
â€¢Variation since 00h00(UTC): +0.33%
â€¢MACD:
 -MACD Line: -1981
 -Signal Line: -2172

#Ethereum Last Price $1075 #ETH
â€¢Variation: +0.73%
â€¢MACD:
 -MACD Line: -143
 -Signal Line: -166

#Crypto #Web3
(2/3)
143302",,#Altcoin,2022-07-03
36,2022-07-03 23:59:50,Jay_man002,RT @RichardHeartWin: I'm basking in glory while other founders have gone into hiding. #Celsius #Luna #Blockfi @zhusu @stablekwon   #Bitcoinâ€¦,,#Altcoin,2022-07-03
37,2022-07-03 23:59:50,l_oui,@PeterSchiff #Bitcoin fixes this,,#Altcoin,2022-07-03
38,2022-07-03 23:59:48,NPiano101,RT @BitcoinMagazine: âš ï¸ Only 2 million #BitcoinÂ left to be mined âš ï¸ https://t.co/h1Vcv7Uibz,United States,#Altcoin,2022-07-03
39,2022-07-03 23:59:48,FungiblePlanets,"VICTIMS OF LUNA ARE CREATING A CLUNA NFT COLLECTION

https://t.co/z5pmh96f0w

#BITCOIN #BSCGEM #BTC #LUNA #CLUNA #ETH #BNB #MOONSHOT #100X #CRYPTO #1000X #ALTCOINS #CLUNATICS",Metaverse,#Altcoin,2022-07-03
40,2022-07-04 23:59:59,luengo1958,RT @mcshane_writes: 2050: Only small planets use #Bitcoin https://t.co/2i0GeqLXho,Santiago de Chile ğŸ‡¨ğŸ‡±,#Altcoin,2022-07-04
41,2022-07-04 23:59:59,btc_price_,"$BTC PRICE : $20209
 Change 24h : +4.76 % ğŸ“ˆ #bitcoin #BTC",Blockchain,#Altcoin,2022-07-04
42,2022-07-04 23:59:56,Fred_CryptoCold,@cate_long @PeterSchiff #Bitcoin fixes this.,"MontrÃ©al, QuÃ©bec",#Altcoin,2022-07-04
43,2022-07-04 23:59:55,MNblockchain,"""The Country Treasury will have a dedicated Bitcoin reserve""

ğŸ‘€

See what's going on across the Atlantic? 

No, not Europe. 

Africa! 

#Sango #Bitcoin #sangocoin https://t.co/mtJtEt31vS","Minneapolis, MN",#Altcoin,2022-07-04
44,2022-07-04 23:59:53,smolredting,RT @WatcherGuru: JUST IN: Celsius Network has paid off another $50 million towards its #Bitcoin loan. Their liquidation price has dropped tâ€¦,Not Financial Advice,#Altcoin,2022-07-04
45,2022-07-04 23:59:52,sentinel727,@brian_trollz Fkd around and found out didnâ€™t ya? They REALLY havenâ€™t been listening and so they REALLY donâ€™t know shit about #Bitcoin! Who says you canâ€™t count on family? Come on tell it! Who said â€œCryptoâ€???,"St Petersburg, FL",#Altcoin,2022-07-04
46,2022-07-04 23:59:50,BrendanNixon10,"RT @BTC_Archive: ğŸ’¥TURKEY: Inflation soars to ~78% in June! ğŸ˜³ 

#Bitcoin",Jersey Shore,#Altcoin,2022-07-04
47,2022-07-04 23:59:49,felixcepeda8,RT @TheRealPlanC: BIG NEWS ğŸ—ï¸ #Celsius has paid off another $64 million towards its #Bitcoin loan. Their liquidation price has dropped to $â€¦,"Plattsburgh, NY",#Altcoin,2022-07-04
48,2022-07-04 23:59:49,DRGinovili2017,"RT @BitcoinMagazine: Banks will close your accounts when they disagree with you.

#Bitcoin fixes this.", El Salvador,#Altcoin,2022-07-04
49,2022-07-04 23:59:47,Crypto_Cooper91,RT @TheRealPlanC: BIG NEWS ğŸ—ï¸ #Celsius has paid off another $64 million towards its #Bitcoin loan. Their liquidation price has dropped to $â€¦,,#Altcoin,2022-07-04
50,2022-07-05 23:59:59,FaithBalainn,RT @BTC_Archive: HODL #Bitcoin when everybody else panicsâ€¦ ğŸ˜ https://t.co/31xCkiQEza,ğŸ‡ºğŸ‡¸ğŸ‡·ğŸ‡´,#Altcoin,2022-07-05
51,2022-07-05 23:59:58,IAmBitcoinBot,Current #Bitcoin Price is $20190 #BTC #Crypto,server,#Altcoin,2022-07-05
52,2022-07-05 23:59:57,HY9531,"RT @vince_wtf: ğŸ”¥Volcanodes GiveawayğŸ”¥

ğŸš€ $200 Node + 3WL 

To Enter:

âœ…Like + Retweet 
âœ…Follow @volcanodes + @vince_wtf
âœ…Tag 3 Friends 

Endâ€¦",Korea,#Altcoin,2022-07-05
53,2022-07-05 23:59:57,zeldaray3,RT @TheRealPlanC: BIG NEWS ğŸ—ï¸ #Celsius has paid off another $40.8 million towards its #Bitcoin loan. Their liquidation price has dropped toâ€¦,United States,#Altcoin,2022-07-05
54,2022-07-05 23:59:56,DailyCrypto_t,"Bitcoin Trading Volume Sinks More than $2 Trillion in Second Quarter
#Bitcoin #Ethereum #BTC #ETH #Crypto #CryptoNews

https://t.co/HQ7MPDJzO0 https://t.co/Am0ciKQ1DA",,#Altcoin,2022-07-05
55,2022-07-05 23:59:55,Wypychacz1,"RT @ashwsbreal: I will buy Lamborghini for 1 follower when #Bitcoin hits $1,000,000 Just like and retweet this",,#Altcoin,2022-07-05
56,2022-07-05 23:59:54,ConoCripto,@PeterSchiff Do you know the word #Bitcoin ? Read the whitepaper. You're gonna love it :),Argentina,#Altcoin,2022-07-05
57,2022-07-05 23:59:54,lindolfogdneto,RT @AurelienOhayon: #BITCOIN IS READY FOR A MASSIVE BULL RUN. https://t.co/cwegwsSwaO,,#Altcoin,2022-07-05
58,2022-07-05 23:59:51,btc_only_store,RT @HardBlockBTC: Citibank (a global bank managing US$27 trillion for over 200 million customers in 160 countries) has hired Swiss custodyâ€¦,Australia,#Altcoin,2022-07-05
59,2022-07-05 23:59:50,Joyce10xc4,"RT @binance: #Bitcoin trading fees are too high tbh

Like this tweet if you agree",,#Altcoin,2022-07-05
60,2022-07-06 23:59:58,rafaelstephenl,RT @100trillionUSD: #bitcoin a great hedge against central bank stupidity https://t.co/ELyM70FeeP,"ÃœT: 1.320025,103.847075",#Altcoin,2022-07-06
61,2022-07-06 23:59:57,heyinvisible,"RT @ScottLEOWarrior: @CashApp I will send one random follower who retweets this $100 in #bitcoin also.

Will draw winner in 24hrs!

Goodlucâ€¦",,#Altcoin,2022-07-06
62,2022-07-06 23:59:56,CryptoWatchBot,"#Investing 85.4% in this optimal #crypto portfolio and 14.6% #cash in the past 24 hours would have given you a 4.5% return rather than #Bitcoin's 1.8%, for the same level of #risk https://t.co/hme04GU5PX","New York, NY",#Altcoin,2022-07-06
63,2022-07-06 23:59:55,DiazZequiel,RT @DocumentingBTC: How would you explain #bitcoin in one tweet?,"Clarksville, TN",#Altcoin,2022-07-06
64,2022-07-06 23:59:52,Azcrypt0,RT @Pouching973: @ScareCROcoin  ğŸŸ¢6% â€¦probably nothing.  Wait and see â€¦ ğŸš€ #cro #crofam #mmf #cryptocurrency #NFTs #btc #Bitcoin to the moonâ€¦,Mtl,#Altcoin,2022-07-06
65,2022-07-06 23:59:51,HMitke,RT @saylor: â€œBitcoin is a monetary instrument that is not issued by a counter-party. Letâ€™s go back to the ethos of Satoshi Nakamoto.â€ - @Caâ€¦,,#Altcoin,2022-07-06
66,2022-07-06 23:59:50,stillbtc,RT @aiproenergy: Immersion fluid is more efficiently distributes heat over convection surface area of 2 radiators. Each radiator inside ofâ€¦,Thinking Green,#Altcoin,2022-07-06
67,2022-07-06 23:59:48,hann_marie22,"RT @MartiniGuyYT: If #Bitcoin doesnâ€™t hit $26,500 in July i will give away $1,000 to one lucky follower

To Enter:
- Retweet â™»ï¸
- Like ğŸ‘ 
-â€¦",507 proofs,#Altcoin,2022-07-06
68,2022-07-06 23:59:46,daleperozzo,RT @TheCryptoLark: How Investing In Crypto Actually Works ğŸ¤ª #bitcoin #crypto https://t.co/SJU7lPrGW3,Earth,#Altcoin,2022-07-06
69,2022-07-06 23:59:45,nftaddie,"RT @cz_binance: Banks now use #bitcoin for reserves. Probably nothing.

Â» Bank for International Settlements to allow banks to keep 1% of râ€¦",Salt Lake City ,#Altcoin,2022-07-06
70,2022-06-30 23:59:44,letsrockinroll3,"#ufc276 #Pressconference 

Will go down in history. One of the best ever . ğŸ˜‚ #SeanStrickland ğŸ˜‚ #Gold ğŸ¤£ğŸ¤£ #ufc #mma https://t.co/fAHIbX9cKM",Dublin/Tipperary Irelandâ˜˜ï¸ğŸ‡®ğŸ‡ª,#Altcoin,2022-06-30
71,2022-06-30 23:58:58,boylerpf,Art Deco #Vintage #Wedding Band Ring 14K #Gold https://t.co/CGEmS0TTWg #ecochic #Jewelry,Midwest,#Altcoin,2022-06-30
72,2022-06-30 23:58:18,DeadForge42,"Nordic gold is made! The silver stuff at the top is the first attempt and the bottom is the second attempt!

#gold #nordicgold #nordic #smelting #fire #metal #molten https://t.co/a5iB9WMWGf",,#Altcoin,2022-06-30
73,2022-06-30 23:57:57,TrapMonkie,"Someone just #minted this #NFT on https://t.co/nqhcWutUNi ğŸ‘€ğŸ”¥ğŸ’â„¢ï¸ 

#Eth #NFTs #Art #oneofone #Eth #Crypto #Ethereum #Gold #Quality https://t.co/cY5fdVhsiY",á´„á´É´á´„Ê€á´‡á´›á´‡ á´Šá´œÉ´É¢ÊŸá´‡,#Altcoin,2022-06-30
74,2022-06-30 23:57:36,bridemoonbh,"BLUE PAINT one of our favorite #nft ..got several #gold and #silver awards 

Photograph by late photographer Sakeena Khamis..  The photo converted to #nft art edition using original portrait.

The #photo taken in #Iran in #Kang #village

#NFTCommunity
#Nfts #NFTartist #nftfamily https://t.co/wgGgDz8fgr",,#Altcoin,2022-06-30
75,2022-06-30 23:57:13,ebusead99,"RT @profit8lue: #Gold is eventually going to $1200 again, I don't care what anyone tells you.
This massive double top reversal pattern wasâ€¦",,#Altcoin,2022-06-30
76,2022-06-30 23:56:12,asadcmka,#GOLD @ $ 1807 - Try to pick top &amp; sell around $ 1808-10.Should hold below $ 1815. Expecting test &amp; possibly break of $ 1800 levels.,,#Altcoin,2022-06-30
77,2022-06-30 23:56:11,zoonpolitikonz,President Biden Bans Russian #gold  (Will This Raise Prices?) https://t.co/s3KlQA9ZBW via @YouTube,,#Altcoin,2022-06-30
78,2022-06-30 23:55:36,Nerdpreferred1,"RT @WallStreetSilv: Miners are in full capitulation. I am buying private placements with warrants right now.

As Rick Rule says, ""buy themâ€¦",,#Altcoin,2022-06-30
79,2022-06-30 23:55:33,DaveProspector,RT @DaveProspector: $PSL.AX I would say a good news imminent.#gold #Lithium #pilbara,,#Altcoin,2022-06-30
80,2022-07-01 23:59:31,LarsonMykel,"#SurveillanceCapitalism is a virus that turns society into #zombies. The #FB 's in this decrepit ecosystem have embraced destruction, sitting on their piles of #gold like #Smaug. Time to #contain it or force it to #change.
@LloydWatts60",91786,#Altcoin,2022-07-01
81,2022-07-01 23:59:06,boylerpf,Art Deco #Vintage #Wedding Band Ring 14K #Gold https://t.co/CGEmS0TTWg #ecochic #Jewelry,Midwest,#Altcoin,2022-07-01
82,2022-07-01 23:57:31,democrat_good,"RT @badcharts1: Did you know #silver never failed to do a new all-time high after #gold does one?

Currently the 2nd longest drought ever wâ€¦",,#Altcoin,2022-07-01
83,2022-07-01 23:56:12,GermanyKrins,"RT @VLRTRW: @HannesZipfel #Euro #USDollar #Endgame #GreatReset 
#Debtrelease through #Gold and #Silver 

https://t.co/CDvsSmG6zX",,#Altcoin,2022-07-01
84,2022-07-01 23:55:58,GermanyKrins,"RT @VLRTRW: @PeterBorbe #Euro #USDollar #Endgame #GreatReset 
#Debtrelease through #Gold and #Silver 

https://t.co/CDvsSmG6zX",,#Altcoin,2022-07-01
85,2022-07-01 23:55:21,GermanyKrins,"RT @VLRTRW: @mikepompeo #Euro #USDollar #Endgame #GreatReset 
#Debtrelease through #Gold and #Silver 

https://t.co/CDvsSmG6zX",,#Altcoin,2022-07-01
86,2022-07-01 23:54:18,badcharts1,"Many charts showcasing the next bull era in precious metals will start in 2022-23.

Many charts showcasing the next bull era in precious metals will last 10 years, ending in early 2030's.

Do you see the proposition's skewed reward vs risk in your favor?

#silver #gold #inflation","QuÃ©bec, Canada",#Altcoin,2022-07-01
87,2022-07-01 23:54:09,democrat_good,"RT @mikesay98: Today's Comex #gold data.
- Gold continued withdrawals today, now totaling ~3.45 million ounces since May 6.
- Open Interestâ€¦",,#Altcoin,2022-07-01
88,2022-07-01 23:53:45,doit31427837,"RT @GlobalProTrader: We haven't broken any resistance of note on the upside in #Gold, #Silver, $GDX, or $SILJ. So too early to get excitedâ€¦",,#Altcoin,2022-07-01
89,2022-07-01 23:51:30,BhangraBot,"RT @SunriseGoldUK: TripDownMemoryLane now playing on #sunriseradiogold
#sunriseradio #gold #bollywood #bhangra #classichits #sunriseradioukâ€¦",,#Altcoin,2022-07-01
90,2022-07-02 23:59:20,boylerpf,Art Deco #Vintage #Wedding Band Ring 14K #Gold https://t.co/CGEmS0TTWg #ecochic #Jewelry,Midwest,#Altcoin,2022-07-02
91,2022-07-02 23:59:13,beck_johnston,RT @ausgoldindustry: GRAND FINAL | This is it! Weâ€™re pumped to cheer on @WestCoastFever in the @SuperNetball big dance tonight as they battâ€¦,"Perth, Western Australia",#Altcoin,2022-07-02
92,2022-07-02 23:58:58,HiTicketBullion,"It would be nice to hear Donald Trump talk about #gold and #silver and why Americans should have it to protect themselves from out of control governmentâ€¦

#goldismoney #silverismoney","Oro Valley, AZ",#Altcoin,2022-07-02
93,2022-07-02 23:56:52,thespaceballs1,"@ArcadiaEconomic Their amount of hypocrisy is quite something to reckon, and that to avoid panic, they are willing to not give real good advices to people in order to make it through more easily #silver #gold",,#Altcoin,2022-07-02
94,2022-07-02 23:56:04,valuewalk,Stagflation With Powell Could Make Gold Happy https://t.co/8GqhZxac8g #Gold #NYMARKETGDX,New York,#Altcoin,2022-07-02
95,2022-07-02 23:54:14,TheindIznere,"When #currency is debased and people lose faith in it the currency price of #gold rises
For example, look at #Yen priced in gold
Gold isn't dead it's just stagnant in US dollar terms
The dollar hegemony is being tested 
Gold cannot rise because it compromises the dollar's status",,#Altcoin,2022-07-02
96,2022-07-02 23:53:48,PeterNBell,"RT @911MININGCO: Massive sulphides from the camp zone. Lucky #7 Property, Nitinat BC
$KLM #kermoderesources #BCprospecting #galena #sphalerâ€¦","Victoria, British Columbia",#Altcoin,2022-07-02
97,2022-07-02 23:53:35,StonedRancher,RT @coinchaserCRO: Ima addicted to #gold ğŸŠ just picked this up on the secondary market @EbisusBay  ğŸ”¥ğŸ’ğŸ”¥ @CrogeCoin  @Santi_NFT https://t.co/â€¦,Canada,#Altcoin,2022-07-02
98,2022-07-02 23:53:01,haqsmusings,"Foreign #investors flee #India, putting pressure on #Indian #currency. #Modi government raises #import taxes on #gold to preserve #forex reserves, support #INR, amid rising #inflation and twin current account and fiscal deficits. #BJP #Hindutva #economy 
https://t.co/Nub4HF2Ddg","Silicon Valley, CA",#Altcoin,2022-07-02
99,2022-07-02 23:52:00,DevilHorseCSA,RT @PublishedReport: STEPHEN LEEB: Russia Winning Decisively In Ukraine And It Is Impacting The World @PublishedReport https://t.co/GiOKKimâ€¦,,#Altcoin,2022-07-02
100,2022-07-03 23:59:49,tanmaygore_03,"RT @Mohii67: @MoodyOwlNFT Trade #Crypto, #Commodities and #Forex all in one place! 

Generate your AFFILIATE QR code for 20% profit share tâ€¦","Rowland, NC ğŸ‡ºğŸ‡¸ğŸ‡ºğŸ‡¸ğŸ‡ºğŸ‡¸",#Altcoin,2022-07-03
101,2022-07-03 23:59:29,boylerpf,Art Deco #Vintage #Wedding Band Ring 14K #Gold https://t.co/CGEmS0TTWg #ecochic #Jewelry,Midwest,#Altcoin,2022-07-03
102,2022-07-03 23:58:56,stocks_online,"RT @SmallCapsASX: Kalamazoo Resources (#ASX: $KZR) expands Victoria #gold portfolio, snaps up Mt Piper project
https://t.co/yi9VhtutCI $CODâ€¦","Melbourne, Victoria",#Altcoin,2022-07-03
103,2022-07-03 23:58:46,cap_raise,"RT @SmallCapsASX: Kalamazoo Resources (#ASX: $KZR) expands Victoria #gold portfolio, snaps up Mt Piper project
https://t.co/yi9VhtutCI $CODâ€¦","Melbourne, Victoria",#Altcoin,2022-07-03
104,2022-07-03 23:58:30,SmallCapsASX,"Kalamazoo Resources (#ASX: $KZR) expands Victoria #gold portfolio, snaps up Mt Piper project
https://t.co/yi9VhtutCI $COD @KalamazooRes @CodaMinerals",Australia,#Altcoin,2022-07-03
105,2022-07-03 23:57:18,Victori99918908,RT @MaximilianLex4: I feel very small learning about the immense power of creation and destruction of capitalism. It is something impressivâ€¦,,#Altcoin,2022-07-03
106,2022-07-03 23:56:03,futbolislif222,"RT @AabbToken: Remember AABBG has these outstanding features that makes it stand out;
ğŸ‘‰ It is backed by 100% gold
ğŸ‘‰ It has a physical Goldâ€¦",,#Altcoin,2022-07-03
107,2022-07-03 23:55:32,facuundo03,RT @rick_decard: $XAU $GC #oro #gold weekly https://t.co/HLk4jbI4gP,Argentina,#Altcoin,2022-07-03
108,2022-07-03 23:55:25,davidmoadel,Why Gold &amp; Silver Are Falling -- Great Time to Buy (check the charts) https://t.co/6Oos00lToA #gold #silver $SLV $GLD $GDX $GDXJ $SPY $QQQ $DIA $DJIA #stockmarket #investing #finance #stocks $AAPL $TSLA $AMZN $INTC $NFLX $AMC $NIO $GME #commodities #inflation #recession,USA,#Altcoin,2022-07-03
109,2022-07-03 23:53:34,JoslsantanaLpe1,RT @Ole_S_Hansen: COT on #commodities covering the week to June 28 saw speculators respond to a cont. loss of momentum driven by recession/â€¦,,#Altcoin,2022-07-03
110,2022-07-04 23:59:54,ausbiztv,"From 10am: We kick off the open with Mitchell Stone from Invest With Mitch talking three hot commodities; #Oil, #Gold and #lithiumğŸ”¥ Plus trading predications and early movers. #ausbiz  

Catch all of todays interview at https://t.co/gllBj1XvHa https://t.co/OhB5YaWllc",Barangaroo,#Altcoin,2022-07-04
111,2022-07-04 23:59:49,aiziyou_21,"RT @HAGnews2: #CCP is stepping up its efforts in plundering wealth overseas for the purpose of further purchasing #gold, however it is notâ€¦",,#Altcoin,2022-07-04
112,2022-07-04 23:59:38,boylerpf,Art Deco #Vintage #Wedding Band Ring 14K #Gold https://t.co/CGEmS0TTWg #ecochic #Jewelry,Midwest,#Altcoin,2022-07-04
113,2022-07-04 23:58:53,NFL_FantasyNews,"RT @StockShaman: #gold is formed by the collision of two Neutron Stars. Someone named Satoshi, who has never been found, invented #BTC. Howâ€¦",NYC/London/Berlin/Sydney ,#Altcoin,2022-07-04
114,2022-07-04 23:57:02,LarbiBenbouhali,"Save the #global #financial system: 
1. #Peg your Currency to your #gold reserves.
2.Receive payment of your Export in Gold or Silver.
3.Fix currency movement band to +/- 5%. 

Itâ€™s Too Late To Save The Financial System And Full-Blown Panic Is Coming  https://t.co/1Gzz0f4oif","Sydney, New South Wales",#Altcoin,2022-07-04
115,2022-07-04 23:56:48,SalvadorMaurice,"$MTH

EXPANSIVE DEEP DRILLING SUCCESS AT EL REFUGIO, MEXICO

Excellent soil sampling results received, developing the La Constancia target area 3km east
of El Refugio

Scoping first stage development options for this attractive high-grade #Gold-#Silver resource ğŸ‘‡ğŸ‘‡ğŸ‘Š https://t.co/DcSYxBLAOL",Bali Indonesia ,#Altcoin,2022-07-04
116,2022-07-04 23:56:28,AamirTI322,"RT @TimeIsGoldClub: Time is gold club starts, here we go!! ğŸ‘‘ğŸ¥‚ğŸš€

#gold #club #nftcommunity #timeisgoldclub https://t.co/Ouu1gzh73E",Pakistan Punjab Multan,#Altcoin,2022-07-04
117,2022-07-04 23:55:48,TrollColors,"TrollEvents $AYI come from US$ and #Gold based Trolling Nets. Assumptions: Stocks etc with Trend Changes more interesting then those without, Gold a good common denominator value; Pricing in same interesting, times Telling. https://t.co/yxUslvsw8I","Central Coast CA, USA",#Altcoin,2022-07-04
118,2022-07-04 23:55:11,TrollColors,"TrollEvent: TrendilatorA Bottom &lt;-2, ; From $AYI, Acuity âŒ˜ NYSE:AYI. US$ TrollView Left, #Gold TrollView Right. View TrollSet: https://t.co/4FxPXgvFJy https://t.co/zyb4U7ZiWQ","Central Coast CA, USA",#Altcoin,2022-07-04
119,2022-07-04 23:55:09,jambudii,How to buy or sell gold in usa ? #Gold #USA,"Austin, TX",#Altcoin,2022-07-04
120,2022-07-05 23:59:26,GoldPriceEUR5,"The spot #gold price from @BullionVault has gone up through â‚¬1,725/toz to â‚¬1,725.28/toz. #goldprice chart: https://t.co/lBHnZ5qTxK. Sign-up and get free email alerts when the spot price hits your chosen values: https://t.co/fzwCxMpxBP.",,#Altcoin,2022-07-05
121,2022-07-05 23:59:25,Nawapon36715211,RT @GoldTelegraph_: Zimbabwe's central bank says it will start selling gold coins this month as inflation begins to spiral out of control.â€¦,"Bangkok, Thailand",#Altcoin,2022-07-05
122,2022-07-05 23:59:01,timeiscrypto423,"https://t.co/WcHaR4w8vf
#GOLD #W8T FOR IT Peter Schiff",,#Altcoin,2022-07-05
123,2022-07-05 23:58:54,boylerpf,Art Deco #Vintage #Wedding Band Ring 14K #Gold https://t.co/CGEmS0TTWg #ecochic #Jewelry,Midwest,#Altcoin,2022-07-05
124,2022-07-05 23:58:49,DznBkr,This is a nice change in pace for the ASX #gold sector as most investors would be happy if their miners didn't blow themselves up this year. https://t.co/zi3kMS6vKj,,#Altcoin,2022-07-05
125,2022-07-05 23:58:47,Quatemoc1975,"RT @Patrick_Lowry_: Just because you can't use #Bitcoin directly to pay at your local shop doesn't mean it doesn't have value. 

I don't reâ€¦",USA,#Altcoin,2022-07-05
126,2022-07-05 23:58:34,kalaiva_eth,"energy issues. The pacific now realising inflationary pressures and weakened economies. 

And
#WTI futures plunges ~8%, to $99.72
#Gold futures tumbles ~2%, to $1,766.2
10-year US #Treasury yield at 2.825%
#USD index hit 106. 5
Bigtechs outperform","Sydney, New South Wales",#Altcoin,2022-07-05
127,2022-07-05 23:58:33,KitcoNewsNOW,A sharp decline in gold results in major technical chart damage https://t.co/i6o4P8K7EI #kitconews #gold #silver #mining #investing #metals #finance #economics,Montrealâ€”NYâ€”Hong Kongâ€”Shanghai,#Altcoin,2022-07-05
128,2022-07-05 23:58:32,alivingzhongda,RT @Gloeschi: Here is a simple cheat sheet for #gold traders: https://t.co/4OfFVZ7Tdq,"Ä°zmir, TÃ¼rkiye",#Altcoin,2022-07-05
129,2022-07-05 23:56:45,therealdrmax,"RT @uselinkinv: I see the low for #gold at the cov1d resistance for gold at around 1680!

A #GSR = 92 (current ratio) = 18.10dol #silver
Aâ€¦",Tbilisi,#Altcoin,2022-07-05
130,2022-07-06 23:59:57,zinamster,"@PeterSchiff @worden_van @PeterSchiff come on bro. why you put everything on the #fiat and #gold both a sizable... if a politic doesn't like u or your utopia u are done...keep at least 5% 10% in crypto incase shit hit your fan or air-conditioning.
time to stop your animosity against #crypto man...",,#Altcoin,2022-07-06
131,2022-07-06 23:59:37,ShaneO_Brien,"RT @ShortSqueezed1: Remember in 2020

When the #gold to #silver #ratio 

Broke a 5,000+ year old record hitting 128.79

Perhaps the longestâ€¦","Sacramento, California",#Altcoin,2022-07-06
132,2022-07-06 23:59:34,PetromindoJobs,"Brunel Indonesia; 10 Positions
https://t.co/0sQxUYzPip #power #oilandgas #minerals #indonesiancoal #gold #oil #gas #energy #electricity #ESDM #infrastructure #listrik","Jakarta, Indonesia",#Altcoin,2022-07-06
133,2022-07-06 23:59:00,boylerpf,Art Deco #Vintage #Wedding Band Ring 14K #Gold https://t.co/CGEmS0TTWg #ecochic #Jewelry,Midwest,#Altcoin,2022-07-06
134,2022-07-06 23:58:04,ASXMktSensitive,"GASCOYNE RES LTD ( $GCY $GCY.ax )  has released "" Gascoyne Achieves FY2022 Production Guidance "" on 7/07/2022 at 9:36 AM AEST #Gold #Mining","Perth, Western Australia",#Altcoin,2022-07-06
135,2022-07-06 23:55:56,wojtekcrypto08,#Gold: Barrick Gold Corp (GOLD) closed today at: 17.22 https://t.co/T8EDoyq09o #MasterMetals https://t.co/06ArDX2bjb,,#Altcoin,2022-07-06
136,2022-07-06 23:55:03,TalkMarkets,Rare #Gold-#Silver Crystal Sighting $GLD $SLV https://t.co/vByQyp5Zib,,#Altcoin,2022-07-06
137,2022-07-06 23:54:05,BHC_Valentine,"#Hopping into some #hydroneer #earlyaccess #Gameplay, #Join us as we #setup our #miners &amp; #Decorate our base!
Have a #personal #goal of #1000000 #gold &amp; to over #build #Everything #super #fancyâ€¼ï¸
.
.
https://t.co/eeKRHO04Dc
.
.
#Twitch #Twitchstreamer #Streamer #Stream #gamer https://t.co/DUEX4u0q4W",,#Altcoin,2022-07-06
138,2022-07-06 23:53:01,SalvadorMaurice,"$STK 

MULTIPLE NEW #GOLD ZONES AND HIGH-GRADE OXIDE #GOLD INTERSECTED

DRILLING CONTINUES TO DEMONSTRATE A VERY LARGE #GOLD SYSTEM AT MILLROSE ğŸ‘‡ğŸ‘Š https://t.co/PbpfuXf0re",Bali Indonesia ,#Altcoin,2022-07-06
139,2022-07-06 23:52:57,sUrrEal_pLaY,"RT @SalvadorMaurice: $WCN 

Exploration Update for #Lithium and #REE

595 regional soil samples taken at Diemals Project for #Lithium and #â€¦","The Strand, NQ",#Altcoin,2022-07-06
140,2022-06-30 23:59:30,cartoon_pi,"RT @droptown_io: COSMOS DEFI Guide For INSANE APY's On LUNA, ATOM &amp; MORE! [Full Staking &amp; Farm Guide] - 

https://t.co/3It13LXZDc

#Cryptoâ€¦",US,#Altcoin,2022-06-30
141,2022-06-30 23:58:13,wuL7jspttJvoP5T,"RT @BscGemSniper: What do you buy today ? ğŸ•µğŸ»â€â™€ï¸ğŸ”

#BSC  #BSCGems #100xgem #BNB  #cryptocurrencies #BTC #ETH #SOL  #DeFi #NFT #Metaverse #BSâ€¦",,#Altcoin,2022-06-30
142,2022-06-30 23:57:25,Cryptoinsight14,"@AltGemHunter The only #altcoin I strongly believe will do #100x next month is #CRYPTON coin of @UtopiaP2P, and it was predicted to make 2x of it ATH price soon after it surpass the current bear market.
https://t.co/mNcZTStahF https://t.co/nsBmQkstOj",,#Altcoin,2022-06-30
143,2022-06-30 23:57:10,LeoNielsen16,RT @BDFischer: #EverRise $RISE #EverRevoke #EverRiseV3 #EverRiseEDU #EverBridge #BTC #Altcoin #cryptotwitter  https://t.co/sjEGvvqogt,Okuruvers,#Altcoin,2022-06-30
144,2022-06-30 23:56:55,Bishop_Punk,"RT @AltGemHunter: Which #altcoin will do 100x next month? ğŸ“ˆğŸ’

Shill me â¬‡ï¸â¬‡ï¸",,#Altcoin,2022-06-30
145,2022-06-30 23:56:29,wuL7jspttJvoP5T,"RT @CryptoEmdarks: Shill me your next 100x #altcoin! ğŸ’

I'm buying ğŸ’³",,#Altcoin,2022-06-30
146,2022-06-30 23:56:27,graeme_stirling,"RT @lupobianco38: FREE SEAT DON VIP CLUB ğŸ’°

Traders Paradise ~ Money Makers

Like + RT + Follow to participate in the giveaway ONE FREE SEAâ€¦","Edinburgh, UK",#Altcoin,2022-06-30
147,2022-06-30 23:55:45,DebbyHunpe,"RT @BloodGangEmpire: $10 USDT for the 1st Position! #BloodGang ğŸ©¸ Hurry!!!

BloodQuiz #18 is here with Special Prize of $10 #Tether for theâ€¦",,#Altcoin,2022-06-30
148,2022-06-30 23:55:03,CryptoNewswire,"Coinbase Reveals European Expansion Plan - Seeks Licenses in Spain, Italy, France, Netherlands - https://t.co/4BgDfE6aFx #investing #altcoin",,#Altcoin,2022-06-30
149,2022-06-30 23:54:48,metamikee,RT @TheMoonCarl: Whatâ€™s the next 100x #altcoin? ğŸ’¥,,#Altcoin,2022-06-30
150,2022-07-01 23:59:57,tavalez74,"RT @_Br41nf4r7_: What do you really know about #FireANTS 
$ANTS $rANTS $wANTS 
You don't want to miss out on that, do you?
Check out https:â€¦","Puerto Rico, USA",#Altcoin,2022-07-01
151,2022-07-01 23:59:34,godstime20,"RT @_Br41nf4r7_: What do you really know about #FireANTS 
$ANTS $rANTS $wANTS 
You don't want to miss out on that, do you?
Check out https:â€¦","akwa ibom ,nigeria",#Altcoin,2022-07-01
152,2022-07-01 23:57:29,HumphreyMacaul6,"RT @Taha86613152: @rovercrc Donâ€™t missed #SHINJA ğŸ¥·ğŸ¿ğŸ”¥
Buy Now and Happy later ğŸ¥·ğŸ¿ğŸ”¥

#Shibnobi #Crypto #DeFi #BTC #SHIB #Ceek #AVAX #BNB
#Etheâ€¦",,#Altcoin,2022-07-01
153,2022-07-01 23:57:27,ShanerPhoto,"#altseason #RHOP #SIHBAINUTOKEN #coinbase #binaryoptions #flokimusk #1centdream #gems #SAITAMA #cex #goku #kirby #ethereum #altcoin #dex #Mandox #MandoxMilitia #MandoxMissions

ğŸ’Buy $MANDOX ğŸ‘‰ https://t.co/Rb8aAd38u2 https://t.co/DljbtNSLx0",,#Altcoin,2022-07-01
154,2022-07-01 23:57:25,droptown_io,"*THIS* Is Why Bitcoin, Ethereum, Solana, &amp; Crypto Is CRASHING! (Altcoins I Am Buying) - 

https://t.co/6iM5awLqzH

#Crypto #CryptoNews #CryptoTrends #NFT #NFTNews #NFTRelease #NFTDrop #AltCoin #AirDrop #NFTProject #NFTArtist  #NFTCommunity  #CNFT #CNFTCommunnity",,#Altcoin,2022-07-01
155,2022-07-01 23:57:10,albatross8520,"RT @MonstersCoins: What #Gem are you buying more in this dip?ğŸ§
#100xGems #BNB #Altcoin

ğŸ‘‡ğŸ‘‡ğŸ‘‡",,#Altcoin,2022-07-01
156,2022-07-01 23:56:57,ShanerPhoto,"#altseason #RHOP #SIHBAINUTOKEN #coinbase #binaryoptions #flokimusk #1centdream #gems #SAITAMA #cex #goku #kirby #ethereum #altcoin #dex #Mandox #MandoxMilitia #MandoxMissions

ğŸ’Buy $MANDOX ğŸ‘‰ https://t.co/Rb8aAd38u2 https://t.co/g1m4mp7QZv",,#Altcoin,2022-07-01
157,2022-07-01 23:56:43,albatross8520,"RT @AltGemHunter: Which #altcoin would you buy now if you could spend $10,000!? ğŸ¤”ğŸ¤‘",,#Altcoin,2022-07-01
158,2022-07-01 23:56:25,albatross8520,RT @Laura__crypto: Which #altcoin are you most excited for this week?,,#Altcoin,2022-07-01
159,2022-07-01 23:56:25,Brianna01999,"RT @SeniorCryptos: What do you buy today? ğŸ•µğŸ»â€â™€ï¸ğŸ‘€

#BSC  #BSCGems #100xgem #BNB  #cryptocurrencies #BTC #ETH #SOL  #DeFi #NFT #Metaverse   #â€¦",,#Altcoin,2022-07-01
160,2022-07-02 23:59:41,MemeiousMoon,"RT @SquidSquadToken: @davidgokhshtein indeed âºğŸ”¼â¹ 
@binance @cz_binance @1goonrich 
#SQUIDSQUAD #BNB #BSC #ALTCOIN #SquidGame #SQUIDSQUADX10â€¦",,#Altcoin,2022-07-02
161,2022-07-02 23:59:10,khalifa86441,"RT @SquidSquadToken: @davidgokhshtein indeed âºğŸ”¼â¹ 
@binance @cz_binance @1goonrich 
#SQUIDSQUAD #BNB #BSC #ALTCOIN #SquidGame #SQUIDSQUADX10â€¦","Dubai, United Arab Emirates",#Altcoin,2022-07-02
162,2022-07-02 23:59:02,Cryptofreeze11,"RT @Kiosow1: Enter.x will be launched soon!

@EnterNFT
 #EnterNFT #EnterART #BSC #Binance #altcoin #Avalanche #Cryptocurrency #DeFi #Avax #â€¦",,#Altcoin,2022-07-02
163,2022-07-02 23:58:58,Aldi06171907,"RT @SquidSquadToken: @davidgokhshtein indeed âºğŸ”¼â¹ 
@binance @cz_binance @1goonrich 
#SQUIDSQUAD #BNB #BSC #ALTCOIN #SquidGame #SQUIDSQUADX10â€¦",,#Altcoin,2022-07-02
164,2022-07-02 23:57:13,jeonghy92561137,"RT @MonstersCoins: Whatâ€™s the next BIG #crypto trend that will explode in 2023? ğŸ”¥

#Altcoin #Altcoins #bnb #memecoins

ğŸ‘‡ğŸ‘‡ğŸ¤‘",,#Altcoin,2022-07-02
165,2022-07-02 23:57:04,LeoNielsen16,RT @BDFischer: #EverRise $RISE #EverRevoke #EverRiseV3 #EverRiseEDU #DeFi #Crypto #Cryptocurrency #NFTCommunity #cryptotwitter  #Altcoin #1â€¦,Okuruvers,#Altcoin,2022-07-02
166,2022-07-02 23:56:31,JacksonSteely3,"RT @HighBezogi: like this if you believe #Bezoge is going to break ALL TIME HIGH ğŸš€ğŸ“ˆ
 #LegendsOfBezogia #Crypto #PlaytoEarn #NFTs #play2earnâ€¦","Daytona Beach, FL",#Altcoin,2022-07-02
167,2022-07-02 23:56:00,JacksonSteely3,"RT @HighBezogi: have you heard about #LegendsOfBezogia yet? It's going to be one of the biggest #P2E #NFT games by @BEZOGE 
 #PLAYTOEARNGAMâ€¦","Daytona Beach, FL",#Altcoin,2022-07-02
168,2022-07-02 23:55:57,JacksonSteely3,"RT @DarkZogi: #LengendsOfBezogia by @BEZOGE is going to be one of the biggest #playtoearn #NFT gamesğŸš€ğŸš€ğŸš€ 
 #PLAYTOEARNGAMES #Crypto #PlaytoEâ€¦","Daytona Beach, FL",#Altcoin,2022-07-02
169,2022-07-02 23:55:47,SquidSquadToken,"@davidgokhshtein indeed âºğŸ”¼â¹ 
@binance @cz_binance @1goonrich 
#SQUIDSQUAD #BNB #BSC #ALTCOIN #SquidGame #SQUIDSQUADX1000 https://t.co/F1phf3MXfl",,#Altcoin,2022-07-02
170,2022-07-03 23:59:59,jeonghy92561137,RT @Crypto__emily: Which #altcoin can survive the bear market ğŸ» ğŸ“‰ ??,,#Altcoin,2022-07-03
171,2022-07-03 23:59:43,jeonghy92561137,"RT @cryptojack: Whatâ€™s the best #altcoin on #BinanceÂ ?

ğŸ‘‡ğŸ»ğŸ‘‡ğŸ»ğŸ‘‡ğŸ»",,#Altcoin,2022-07-03
172,2022-07-03 23:59:42,0xiayenji,"RT @EduardRoss_: Hey fam!
Shill me those #1000xgem ğŸš€ğŸ’

#BNB #ETH #SOL #BTC #ADA #TRX #DeFi #NFTs #altcoin #memecoins",,#Altcoin,2022-07-03
173,2022-07-03 23:59:37,babbanana66,"RT @EduardRoss_: Hey fam!
Shill me those #1000xgem ğŸš€ğŸ’

#BNB #ETH #SOL #BTC #ADA #TRX #DeFi #NFTs #altcoin #memecoins",,#Altcoin,2022-07-03
174,2022-07-03 23:59:31,Nelo18226763,"RT @backpackingmonk: $Cats love Gorilla Marketing.
A Video Montage of Cat Stickers around the world.

#catcoin #memecoin #cats #altcoin #alâ€¦",,#Altcoin,2022-07-03
175,2022-07-03 23:59:31,0xiayenji,"RT @JuliVodianova: FAM HAVE A GOOD WEEKEND !
INVEST WELL TODAY?ğŸ˜‰âœ¨

#altcoin #memecoin #BSCGems
#NFT #NFTCommunity #NFTs #NFTGiveaway #NFTarâ€¦",,#Altcoin,2022-07-03
176,2022-07-03 23:59:24,Owaowakikoman,"RT @EduardRoss_: Hey fam!
Shill me those #1000xgem ğŸš€ğŸ’

#BNB #ETH #SOL #BTC #ADA #TRX #DeFi #NFTs #altcoin #memecoins",,#Altcoin,2022-07-03
177,2022-07-03 23:59:18,doabue,"RT @EduardRoss_: Hey fam!
Shill me those #1000xgem ğŸš€ğŸ’

#BNB #ETH #SOL #BTC #ADA #TRX #DeFi #NFTs #altcoin #memecoins",indonesia,#Altcoin,2022-07-03
178,2022-07-03 23:59:08,bidmaster777,"RT @TradinginTime: #Altcoin ğŸ’ Gem Hunting

$OKB â¤ 76 #OKB ğŸ“ˆ 61%
$AR â¤ 75 #Arweave ğŸ“ˆ 67%
$AXS â¤ 60 #AxieInfinity ğŸ“ˆ 47%
$FTM â¤ 56 #Fantom ğŸ“ˆ 5â€¦",,#Altcoin,2022-07-03
179,2022-07-03 23:58:51,Cryptoinsight14,"@altcryptocom The only #altcoin EVERYONE that's looking for an incredible opportunity &amp; future driving betterment ought to buy is #CRYPTON coin of @UtopiaP2P, footing it potential, concept, longevity, &amp; stability while holding stablecoin like #UUSD for privacy &amp; profit.
https://t.co/mNcZTStahF https://t.co/7IkTsbYi1z",,#Altcoin,2022-07-03
180,2022-07-04 23:59:51,Jeonkiyo,"RT @juani_martinez: Yooo fam! How is going today? Dropp me your best project in the pocket! ğŸ”¥ğŸ”¥ğŸš€

#cryptocurrency #altcoins #Binance     #ETâ€¦",Indonesia,#Altcoin,2022-07-04
181,2022-07-04 23:59:38,ysagaeul777,"RT @juani_martinez: Yooo fam! How is going today? Dropp me your best project in the pocket! ğŸ”¥ğŸ”¥ğŸš€

#cryptocurrency #altcoins #Binance     #ETâ€¦",,#Altcoin,2022-07-04
182,2022-07-04 23:59:21,hellobigwin,"RT @juani_martinez: Yooo fam! How is going today? Dropp me your best project in the pocket! ğŸ”¥ğŸ”¥ğŸš€

#cryptocurrency #altcoins #Binance     #ETâ€¦",,#Altcoin,2022-07-04
183,2022-07-04 23:59:16,OdadingBangOle,"RT @juani_martinez: Yooo fam! How is going today? Dropp me your best project in the pocket! ğŸ”¥ğŸ”¥ğŸš€

#cryptocurrency #altcoins #Binance     #ETâ€¦","Central Java, Indonesia",#Altcoin,2022-07-04
184,2022-07-04 23:59:12,daichi_samurai,"RT @EAriyae: MARKETING is our art, Shilling is our war and LEADERSHIP is our discipline.......  
https://t.co/k1awESDGAQ
ğŸ¥·ğŸ’²ğŸ’²ğŸ‰ğŸ‰ğŸ‘¥ğŸ‘¥ğŸ’•ğŸ’•ğŸ”¥
#rbxs #â€¦",,#Altcoin,2022-07-04
185,2022-07-04 23:58:59,HHeinz123,"RT @cyber_bull_: Good Morning and Happy Sunday â˜•ï¸ğŸ˜

Any gems that I need to buy right now? 

#altcoin #memecoin #metaverse #P2E #NFTs",bacolod,#Altcoin,2022-07-04
186,2022-07-04 23:58:54,tsnarif,"RT @juani_martinez: Yooo fam! How is going today? Dropp me your best project in the pocket! ğŸ”¥ğŸ”¥ğŸš€

#cryptocurrency #altcoins #Binance     #ETâ€¦",freetag no fee,#Altcoin,2022-07-04
187,2022-07-04 23:57:54,juli__bigwin,"RT @juani_martinez: Yooo fam! How is going today? Dropp me your best project in the pocket! ğŸ”¥ğŸ”¥ğŸš€

#cryptocurrency #altcoins #Binance     #ETâ€¦",,#Altcoin,2022-07-04
188,2022-07-04 23:57:51,ecanwindoy,"RT @juani_martinez: Yooo fam! How is going today? Dropp me your best project in the pocket! ğŸ”¥ğŸ”¥ğŸš€

#cryptocurrency #altcoins #Binance     #ETâ€¦",AstrophileğŸ‘©â€ğŸš€ğŸªğŸ’« ,#Altcoin,2022-07-04
189,2022-07-04 23:57:18,0x_Bigwin_July,"RT @juani_martinez: Yooo fam! How is going today? Dropp me your best project in the pocket! ğŸ”¥ğŸ”¥ğŸš€

#cryptocurrency #altcoins #Binance     #ETâ€¦",,#Altcoin,2022-07-04
190,2022-07-05 23:59:57,KiethCryptoWiz,"RT @wai_TheBasedGuy: @VenomCrypto_ it's a better time to acquire some rare fish at @AmelDiscusCoin 

doxxed dev, lp burnt, irl exotic fishâ€¦",Mount Bloodskull,#Altcoin,2022-07-05
191,2022-07-05 23:59:46,SAJI_SAMURAI,"RT @LijonSamurai3: You can experience the best level of marketing on all social networks with us #RBXSamurai

Telegram link
https://t.co/YYâ€¦",,#Altcoin,2022-07-05
192,2022-07-05 23:56:32,AmelDiscusCoin,"RT @wai_TheBasedGuy: @VenomCrypto_ it's a better time to acquire some rare fish at @AmelDiscusCoin 

doxxed dev, lp burnt, irl exotic fishâ€¦",Indonesia,#Altcoin,2022-07-05
193,2022-07-05 23:56:21,DiscusChad,"RT @wai_TheBasedGuy: @VenomCrypto_ it's a better time to acquire some rare fish at @AmelDiscusCoin 

doxxed dev, lp burnt, irl exotic fishâ€¦","Banten, Indonesia",#Altcoin,2022-07-05
194,2022-07-05 23:56:11,CrypTonyN,"RT @HighBezogi: Buy $BEZOGE now or Cry later. 
 #LegendsOfBezogia #BEZOGE #PLAYTOEARNGAMES #Crypto #PlaytoEarn #NFTs #play2earn #Crypto #Reâ€¦",,#Altcoin,2022-07-05
195,2022-07-05 23:56:06,HighBezogi,"Buy $BEZOGE now or Cry later. 
 #LegendsOfBezogia #BEZOGE #PLAYTOEARNGAMES #Crypto #PlaytoEarn #NFTs #play2earn #Crypto #Rent2Earn #R2E #P2E #luffy #dogelonmars #Saitama #Shib #Shibainu #doge #Floki #Altcoin #Etherium #CryptoCurrency #Binance",Bezoge Earth,#Altcoin,2022-07-05
196,2022-07-05 23:54:55,ladyfairfaxx,"RT @CNSadmirer: @sumitkapoor16 @CryptoWhale Best #altcoin is $CNS 1000x ğŸ’
Only by $CNS pump &amp; hourly yield possible. Check out @CentricRiseâ€¦",,#Altcoin,2022-07-05
197,2022-07-05 23:54:29,SAJI_SAMURAI,"RT @Hossein_SAMURAI: DON'T KNOW HOW TO GROW YOUR PROJECT ?

#RBXS IS HERE FOR YOU, LET US DO ALL YOUR #MARKETING FOR YOUâœ…

LEARN MORE ATğŸ‘‡ğŸ‘‡ğŸ‘‡â€¦",,#Altcoin,2022-07-05
198,2022-07-05 23:54:15,SAJI_SAMURAI,"RT @Hossein_SAMURAI: ğŸ”¥ #RBXSamurai ğŸ”¥

ALL YOUR #MARKETING SERVICES IN ONE SPOT #RBXS IS HERE FOR YOUâœ…

LEARN MORE ATğŸ‘‡ğŸ‘‡
https://t.co/mdQnIvWâ€¦",,#Altcoin,2022-07-05
199,2022-07-05 23:53:52,ladyfairfaxx,"RT @squirrelcentric: @altcryptocom the best #altcoin is $CNS! 
Buy $CNS, swap to $CNR and #hodl, because every hour, 1 CNR is worth a littlâ€¦",,#Altcoin,2022-07-05
200,2022-07-06 23:59:59,jeonghy92561137,"RT @SHILLBILLGEMS: Shill me your best #altcoin... ğŸ‘€ğŸ‘‡

#BSCGemsAlert #altcoins  #BSCGems #1000Xgems #BSC #BNBÂ Â Â  #memecoins #1000x #1000xgem",,#Altcoin,2022-07-06
201,2022-07-06 23:59:37,bidmaster777,"RT @TradinginTime: #Altcoin ğŸ’ Gem Hunting

$FTT â¤ 73 #FTX ğŸ“ˆ 63%
$DFI â¤ 70 #DeFiChain ğŸ“ˆ 50%
$MKR â¤ 60 #Maker ğŸ“ˆ 62%
$XTZ â¤ 58 #Tezos ğŸ“ˆ 57%
$Vâ€¦",,#Altcoin,2022-07-06
202,2022-07-06 23:59:31,azami_iqbal2007,RT @AAdsabdo: @MrBigWhaleREAL #Saitama is the next blue-chip in #crypto due to the quality &amp; variety of its utilities - no other #altcoin pâ€¦,Planet Earth,#Altcoin,2022-07-06
203,2022-07-06 23:59:03,regimeira2011,"RT @ENQ_enecuum: We remind you that the Enecuum team will hold an AMA with the community.
ğŸ“… Date: 07/07/2022
â° Time: 12:00 pm UTC+0.
ğŸ™   Whâ€¦",,#Altcoin,2022-07-06
204,2022-07-06 23:58:50,Ghizlane1239,"RT @ape_inuinu: ONE MORE TIME: Ape Inu AIRDROP 3,000,000 $API

Time: July 6th,2022 - July 25th,2022 
1000 Lucky Winner 
Winner Announcementâ€¦",,#Altcoin,2022-07-06
205,2022-07-06 23:58:24,Rosemar97946025,"RT @metaboxmarket: May will be bullish? 
Tell us your favorite token/coin

#metaboxmarket #Bullish #bearish #altcoin #altcoins #ADA #Binancâ€¦",,#Altcoin,2022-07-06
206,2022-07-06 23:57:41,Cryptoinsight14,"@cryptojack The only #altcoin I would buy from now till next year will be the #CRYPTON coin of @UtopiaP2P. It was deemed as the next BIGGER thing for the investor's interest betterment &amp; it was predicted to make vast multiplier soon due to its current trends. 
https://t.co/SLqFZ0Zuzq https://t.co/kXP2u2752e",,#Altcoin,2022-07-06
207,2022-07-06 23:56:25,Ian51079997,"RT @Kanube77: In other words, @BananaTFA is going to continue raising the bar and blow everyones mind. I like it.ğŸ‹ï¸â€â™‚ï¸ğŸ¤¯ğŸš€ #crypto #NFT #NFTsâ€¦",,#Altcoin,2022-07-06
208,2022-07-06 23:55:15,RyiPay,"RT @RyiPay: The #Cryptocurrency of Choice for RYIPAY

$RYIU Built For #DeFi 

Available now on https://t.co/xHISMhby0c 
Debit/Credit ğŸ’³ purcâ€¦","Los Angeles, California, USA",#Altcoin,2022-07-06
209,2022-07-06 23:55:08,ErsoganRecep,"RT @ENQ_enecuum: We remind you that the Enecuum team will hold an AMA with the community.
ğŸ“… Date: 07/07/2022
â° Time: 12:00 pm UTC+0.
ğŸ™   Whâ€¦",,#Altcoin,2022-07-06
